<?xml version="1.0" encoding="UTF-8" standalone="no"?><configurationDescriptor version="62">
  <logicalFolder displayName="root" name="root" projectFiles="true">
    <logicalFolder displayName="Header Files" name="HeaderFiles" projectFiles="true">
      <logicalFolder displayName="app" name="f2" projectFiles="true">
        <logicalFolder displayName="system_config" name="f1" projectFiles="true">
          <logicalFolder displayName="default" name="f1" projectFiles="true">
            <logicalFolder displayName="framework" name="f1" projectFiles="true">
              <logicalFolder displayName="system" name="f1" projectFiles="true">
                <logicalFolder displayName="clk" name="f1" projectFiles="true">
                  <itemPath>../src/system_config/default/framework/system/clk/sys_clk_static.h</itemPath>
                </logicalFolder>
              </logicalFolder>
            </logicalFolder>
            <itemPath>../src/system_config/default/system_config.h</itemPath>
            <itemPath>../src/system_config/default/system_definitions.h</itemPath>
          </logicalFolder>
        </logicalFolder>
        <itemPath>../src/app.h</itemPath>
      </logicalFolder>
      <logicalFolder displayName="framework" name="f1" projectFiles="true">
        <logicalFolder displayName="gfx" name="f1" projectFiles="true">
          <itemPath>../../../../../../opt/microchip/harmony/v1_08_01/framework/gfx/gfx_palette.h</itemPath>
        </logicalFolder>
        <logicalFolder displayName="osal" name="f2" projectFiles="true">
          <logicalFolder displayName="src" name="f1" projectFiles="true">
            <itemPath>../../../../../../opt/microchip/harmony/v1_08_01/framework/osal/src/osal_impl_basic.h</itemPath>
            <itemPath>../../../../../../opt/microchip/harmony/v1_08_01/framework/osal/src/osal_impl_none.h</itemPath>
          </logicalFolder>
          <itemPath>../../../../../../opt/microchip/harmony/v1_08_01/framework/osal/osal.h</itemPath>
          <itemPath>../../../../../../opt/microchip/harmony/v1_08_01/framework/osal/osal_definitions.h</itemPath>
        </logicalFolder>
        <logicalFolder displayName="peripheral" name="f3" projectFiles="true">
          <itemPath>../../../../../../opt/microchip/harmony/v1_08_01/framework/peripheral/peripheral.h</itemPath>
          <itemPath>../../../../../../opt/microchip/harmony/v1_08_01/framework/peripheral/peripheral_common.h</itemPath>
          <itemPath>../../../../../../opt/microchip/harmony/v1_08_01/framework/peripheral/peripheral_common_32bit.h</itemPath>
        </logicalFolder>
        <logicalFolder displayName="system" name="f4" projectFiles="true">
          <logicalFolder displayName="clk" name="f1" projectFiles="true">
            <itemPath>../../../../../../opt/microchip/harmony/v1_08_01/framework/system/clk/sys_clk.h</itemPath>
            <itemPath>../../../../../../opt/microchip/harmony/v1_08_01/framework/system/clk/sys_clk_mapping.h</itemPath>
          </logicalFolder>
          <logicalFolder displayName="common" name="f2" projectFiles="true">
            <itemPath>../../../../../../opt/microchip/harmony/v1_08_01/framework/system/common/sys_common.h</itemPath>
            <itemPath>../../../../../../opt/microchip/harmony/v1_08_01/framework/system/common/sys_module.h</itemPath>
            <itemPath>../../../../../../opt/microchip/harmony/v1_08_01/framework/system/common/sys_buffer.h</itemPath>
            <itemPath>../../../../../../opt/microchip/harmony/v1_08_01/framework/system/common/sys_queue.h</itemPath>
          </logicalFolder>
          <logicalFolder displayName="debug" name="f3" projectFiles="true">
            <itemPath>../../../../../../opt/microchip/harmony/v1_08_01/framework/system/debug/sys_debug.h</itemPath>
          </logicalFolder>
          <logicalFolder displayName="devcon" name="f4" projectFiles="true">
            <logicalFolder displayName="src" name="f1" projectFiles="true">
              <itemPath>../../../../../../opt/microchip/harmony/v1_08_01/framework/system/devcon/src/sys_devcon_local.h</itemPath>
            </logicalFolder>
            <itemPath>../../../../../../opt/microchip/harmony/v1_08_01/framework/system/devcon/sys_devcon.h</itemPath>
          </logicalFolder>
          <logicalFolder displayName="ports" name="f5" projectFiles="true">
            <itemPath>../../../../../../opt/microchip/harmony/v1_08_01/framework/system/ports/sys_ports.h</itemPath>
          </logicalFolder>
          <itemPath>../../../../../../opt/microchip/harmony/v1_08_01/framework/system/system.h</itemPath>
        </logicalFolder>
      </logicalFolder>
    </logicalFolder>
    <logicalFolder displayName="Linker Files" name="LinkerScript" projectFiles="true">
    </logicalFolder>
    <logicalFolder displayName="Source Files" name="SourceFiles" projectFiles="true">
      <logicalFolder displayName="app" name="f2" projectFiles="true">
        <logicalFolder displayName="system_config" name="f1" projectFiles="true">
          <logicalFolder displayName="default" name="f1" projectFiles="true">
            <logicalFolder displayName="framework" name="f1" projectFiles="true">
              <logicalFolder displayName="system" name="f1" projectFiles="true">
                <logicalFolder displayName="clk" name="f1" projectFiles="true">
                  <logicalFolder displayName="src" name="f1" projectFiles="true">
                    <itemPath>../src/system_config/default/framework/system/clk/src/sys_clk_static.c</itemPath>
                  </logicalFolder>
                </logicalFolder>
                <logicalFolder displayName="ports" name="f2" projectFiles="true">
                  <logicalFolder displayName="src" name="f1" projectFiles="true">
                    <itemPath>../src/system_config/default/framework/system/ports/src/sys_ports_static.c</itemPath>
                  </logicalFolder>
                </logicalFolder>
              </logicalFolder>
            </logicalFolder>
            <itemPath>../src/system_config/default/system_init.c</itemPath>
            <itemPath>../src/system_config/default/system_interrupt.c</itemPath>
            <itemPath>../src/system_config/default/system_exceptions.c</itemPath>
            <itemPath>../src/system_config/default/system_tasks.c</itemPath>
          </logicalFolder>
        </logicalFolder>
        <itemPath>../src/app.c</itemPath>
        <itemPath>../src/main.c</itemPath>
      </logicalFolder>
      <logicalFolder displayName="framework" name="f1" projectFiles="true">
        <logicalFolder displayName="system" name="f1" projectFiles="true">
          <logicalFolder displayName="devcon" name="f1" projectFiles="true">
            <logicalFolder displayName="src" name="f1" projectFiles="true">
              <itemPath>../../../../../../opt/microchip/harmony/v1_08_01/framework/system/devcon/src/sys_devcon.c</itemPath>
              <itemPath>../../../../../../opt/microchip/harmony/v1_08_01/framework/system/devcon/src/sys_devcon_pic32mx.c</itemPath>
            </logicalFolder>
          </logicalFolder>
        </logicalFolder>
      </logicalFolder>
    </logicalFolder>
    <logicalFolder displayName="Important Files" name="ExternalFiles" projectFiles="false">
      <itemPath>Makefile</itemPath>
    </logicalFolder>
  </logicalFolder>
  <sourceRootList>
    <Elem>../src</Elem>
    <Elem>../../../../opt/microchip/harmony/v1_08_01</Elem>
    <Elem>../src/default</Elem>
    <Elem>../src/system_config/default</Elem>
  </sourceRootList>
  <projectmakefile>Makefile</projectmakefile>
  <confs>
    <conf name="default" type="2">
      <toolsSet>
        <developmentServer>localhost</developmentServer>
        <targetDevice>PIC32MX795F512L</targetDevice>
        <targetHeader/>
        <targetPluginBoard/>
        <platformTool>PICkit3PlatformTool</platformTool>
        <languageToolchain>XC32</languageToolchain>
        <languageToolchainVersion>1.42</languageToolchainVersion>
        <platform>2</platform>
      </toolsSet>
      <compileType>
        <linkerTool>
          <linkerLibItems>
            <linkerLibFileItem>../../../../../../opt/microchip/harmony/v1_08_01/bin/framework/peripheral/PIC32MX795F512L_peripherals.a</linkerLibFileItem>
            <linkerLibFileItem>../../../../../../opt/microchip/harmony/v1_08_01/framework/tcpip/src/crypto/aes_pic32mx.a</linkerLibFileItem>
          </linkerLibItems>
        </linkerTool>
        <archiverTool>
        </archiverTool>
        <loading>
          <useAlternateLoadableFile>false</useAlternateLoadableFile>
          <parseOnProdLoad>false</parseOnProdLoad>
          <alternateLoadableFile/>
        </loading>
      </compileType>
      <makeCustomizationType>
        <makeCustomizationPreStepEnabled>false</makeCustomizationPreStepEnabled>
        <makeCustomizationPreStep/>
        <makeCustomizationPostStepEnabled>false</makeCustomizationPostStepEnabled>
        <makeCustomizationPostStep/>
        <makeCustomizationPutChecksumInUserID>false</makeCustomizationPutChecksumInUserID>
        <makeCustomizationEnableLongLines>false</makeCustomizationEnableLongLines>
        <makeCustomizationNormalizeHexFile>false</makeCustomizationNormalizeHexFile>
      </makeCustomizationType>
      <C32>
        <property key="additional-warnings" value="false"/>
        <property key="addresss-attribute-use" value="false"/>
        <property key="enable-app-io" value="false"/>
        <property key="enable-omit-frame-pointer" value="false"/>
        <property key="enable-symbols" value="true"/>
        <property key="enable-unroll-loops" value="false"/>
        <property key="exclude-floating-point" value="false"/>
        <property key="extra-include-directories" value="../src;../src/system_config/default;../src/default;../../../../../../opt/microchip/harmony/v1_08_01/framework;../src/system_config/default/framework"/>
        <property key="generate-16-bit-code" value="false"/>
        <property key="generate-micro-compressed-code" value="false"/>
        <property key="isolate-each-function" value="true"/>
        <property key="make-warnings-into-errors" value="false"/>
        <property key="optimization-level" value="-O1"/>
        <property key="place-data-into-section" value="false"/>
        <property key="post-instruction-scheduling" value="default"/>
        <property key="pre-instruction-scheduling" value="default"/>
        <property key="preprocessor-macros" value=""/>
        <property key="strict-ansi" value="false"/>
        <property key="support-ansi" value="false"/>
        <property key="toplevel-reordering" value=""/>
        <property key="use-cci" value="false"/>
        <property key="use-iar" value="false"/>
        <property key="use-indirect-calls" value="false"/>
      </C32>
      <C32-AR>
        <property key="additional-options-chop-files" value="false"/>
      </C32-AR>
      <C32-AS>
        <property key="assembler-symbols" value=""/>
        <property key="enable-symbols" value="true"/>
        <property key="exclude-floating-point-library" value="false"/>
        <property key="expand-macros" value="false"/>
        <property key="extra-include-directories-for-assembler" value=""/>
        <property key="extra-include-directories-for-preprocessor" value=""/>
        <property key="false-conditionals" value="false"/>
        <property key="generate-16-bit-code" value="false"/>
        <property key="generate-micro-compressed-code" value="false"/>
        <property key="keep-locals" value="false"/>
        <property key="list-assembly" value="false"/>
        <property key="list-source" value="false"/>
        <property key="list-symbols" value="false"/>
        <property key="oXC32asm-list-to-file" value="false"/>
        <property key="omit-debug-dirs" value="false"/>
        <property key="omit-forms" value="false"/>
        <property key="preprocessor-macros" value=""/>
        <property key="warning-level" value=""/>
      </C32-AS>
      <C32-LD>
        <property key="additional-options-use-response-files" value="false"/>
        <property key="allocate-dinit" value="false"/>
        <property key="code-dinit" value="false"/>
        <property key="ebase-addr" value=""/>
        <property key="enable-check-sections" value="false"/>
        <property key="exclude-floating-point-library" value="false"/>
        <property key="exclude-standard-libraries" value="false"/>
        <property key="extra-lib-directories" value=""/>
        <property key="fill-flash-options-addr" value=""/>
        <property key="fill-flash-options-const" value=""/>
        <property key="fill-flash-options-how" value="0"/>
        <property key="fill-flash-options-inc-const" value="1"/>
        <property key="fill-flash-options-increment" value=""/>
        <property key="fill-flash-options-seq" value=""/>
        <property key="fill-flash-options-what" value="0"/>
        <property key="generate-16-bit-code" value="false"/>
        <property key="generate-cross-reference-file" value="false"/>
        <property key="generate-micro-compressed-code" value="false"/>
        <property key="heap-size" value="0"/>
        <property key="input-libraries" value=""/>
        <property key="kseg-length" value=""/>
        <property key="kseg-origin" value=""/>
        <property key="linker-symbols" value=""/>
        <property key="map-file" value="${DISTDIR}/${PROJECTNAME}.${IMAGE_TYPE}.map"/>
        <property key="no-startup-files" value="false"/>
        <property key="oXC32ld-extra-opts" value=""/>
        <property key="optimization-level" value=""/>
        <property key="preprocessor-macros" value=""/>
        <property key="remove-unused-sections" value="true"/>
        <property key="report-memory-usage" value="false"/>
        <property key="serial-length" value=""/>
        <property key="serial-origin" value=""/>
        <property key="stack-size" value=""/>
        <property key="symbol-stripping" value=""/>
        <property key="trace-symbols" value=""/>
        <property key="warn-section-align" value="false"/>
      </C32-LD>
      <C32CPP>
        <property key="additional-warnings" value="false"/>
        <property key="addresss-attribute-use" value="false"/>
        <property key="check-new" value="false"/>
        <property key="eh-specs" value="true"/>
        <property key="enable-app-io" value="false"/>
        <property key="enable-omit-frame-pointer" value="false"/>
        <property key="enable-symbols" value="true"/>
        <property key="enable-unroll-loops" value="false"/>
        <property key="exceptions" value="true"/>
        <property key="exclude-floating-point" value="false"/>
        <property key="extra-include-directories" value=""/>
        <property key="generate-16-bit-code" value="false"/>
        <property key="generate-micro-compressed-code" value="false"/>
        <property key="isolate-each-function" value="true"/>
        <property key="make-warnings-into-errors" value="false"/>
        <property key="optimization-level" value="-O1"/>
        <property key="place-data-into-section" value="false"/>
        <property key="post-instruction-scheduling" value="default"/>
        <property key="pre-instruction-scheduling" value="default"/>
        <property key="preprocessor-macros" value=""/>
        <property key="rtti" value="true"/>
        <property key="strict-ansi" value="false"/>
        <property key="toplevel-reordering" value=""/>
        <property key="use-cci" value="false"/>
        <property key="use-iar" value="false"/>
        <property key="use-indirect-calls" value="false"/>
      </C32CPP>
      <C32Global>
        <property key="common-include-directories" value=""/>
        <property key="gp-relative-option" value=""/>
        <property key="legacy-libc" value="false"/>
        <property key="relaxed-math" value="false"/>
        <property key="save-temps" value="false"/>
        <property key="wpo-lto" value="false"/>
      </C32Global>
      <PICkit3PlatformTool>
        <property key="AutoSelectMemRanges" value="auto"/>
        <property key="Freeze Peripherals" value="true"/>
        <property key="SecureSegment.SegmentProgramming" value="FullChipProgramming"/>
        <property key="ToolFirmwareFilePath" value="Press to browse for a specific firmware version"/>
        <property key="ToolFirmwareOption.UseLatestFirmware" value="true"/>
        <property key="hwtoolclock.frcindebug" value="false"/>
        <property key="memories.aux" value="false"/>
        <property key="memories.bootflash" value="true"/>
        <property key="memories.configurationmemory" value="true"/>
        <property key="memories.configurationmemory2" value="true"/>
        <property key="memories.dataflash" value="true"/>
        <property key="memories.eeprom" value="true"/>
        <property key="memories.flashdata" value="true"/>
        <property key="memories.id" value="true"/>
        <property key="memories.instruction.ram" value="true"/>
        <property key="memories.instruction.ram.end" value="${memories.instruction.ram.end.value}"/>
        <property key="memories.instruction.ram.start" value="${memories.instruction.ram.start.value}"/>
        <property key="memories.programmemory" value="true"/>
        <property key="memories.programmemory.end" value="0x1d003fff"/>
        <property key="memories.programmemory.partition2" value="true"/>
        <property key="memories.programmemory.partition2.end" value="${memories.programmemory.partition2.end.value}"/>
        <property key="memories.programmemory.partition2.start" value="${memories.programmemory.partition2.start.value}"/>
        <property key="memories.programmemory.start" value="0x1d000000"/>
        <property key="poweroptions.powerenable" value="false"/>
        <property key="programmertogo.imagename" value=""/>
        <property key="programoptions.donoteraseauxmem" value="false"/>
        <property key="programoptions.eraseb4program" value="true"/>
        <property key="programoptions.pgmspeed" value="2"/>
        <property key="programoptions.preservedataflash" value="false"/>
        <property key="programoptions.preserveeeprom" value="false"/>
        <property key="programoptions.preserveprogramrange" value="false"/>
        <property key="programoptions.preserveprogramrange.end" value="0x1d003fff"/>
        <property key="programoptions.preserveprogramrange.start" value="0x1d000000"/>
        <property key="programoptions.preserveuserid" value="false"/>
        <property key="programoptions.programcalmem" value="false"/>
        <property key="programoptions.programuserotp" value="false"/>
        <property key="programoptions.testmodeentrymethod" value="VPPFirst"/>
        <property key="programoptions.usehighvoltageonmclr" value="false"/>
        <property key="programoptions.uselvpprogramming" value="false"/>
        <property key="voltagevalue" value="3.25"/>
      </PICkit3PlatformTool>
    </conf>
  </confs>
</configurationDescriptor>